{"cameraMode":{"drawMode":0,"name":"Shaded","section":"Shading Mode"},"sceneLighting":false,"audioPlay":false,"sceneViewState":{"m_AlwaysRefresh":false,"showFog":true,"showSkybox":true,"showFlares":true,"showImageEffects":true,"showParticleSystems":true,"showVisualEffectGraphs":true,"m_FxEnabled":true},"in2DMode":false,"pivot":{"x":-0.4440811574459076,"y":2.2274279594421388,"z":-1.9997570514678956},"rotation":{"x":0.0265883207321167,"y":0.33156532049179079,"z":0.009354769252240658,"w":-0.9430276155471802},"size":2.2946743965148927,"orthographic":false}